{
  "name": "taxicrabb-dice",
  "title": "Taxicrabb dice",
  "description": "Adds a bunch of dice textures to DsN.",
  "author": "taxicrab",
  "version": "0.0.1",
  "minimumCoreVersion": "0.8.4",
  "compatibleCoreVersion": "9",
  "dependencies": [
        {
            "type": "module",
            "name": "dice-so-nice"
        }
    ],
  "scripts": [
        "scripts/taxicrabb-dice.json"
  ],
  "url": "https://github.com/taxicrabb/Taxicrabb-Dice",
  "manifest": "https://github.com/taxicrabb/Taxicrabb-Dice/raw/main/Taxicrabb-Dice/0.1.0/module.json",
  "download": "https://github.com/taxicrabb/Taxicrabb-Dice/raw/main/0.1.0/module.zip"
}
